{
  "IcoMoonType": "selection",
  "icons": [
    {
      "icon": {
        "paths": [
          "M938.667 554.667c0 235.648-191.019 426.667-426.667 426.667-235.639 0-426.667-191.019-426.667-426.667 0-235.639 191.027-426.667 426.667-426.667 235.648 0 426.667 191.027 426.667 426.667z",
          "M938.667 512c0 235.648-191.019 426.667-426.667 426.667-235.639 0-426.667-191.019-426.667-426.667 0-235.639 191.027-426.667 426.667-426.667 235.648 0 426.667 191.027 426.667 426.667z",
          "M682.667 384l-256 256-106.667-106.667-90.667 89.6 192 192 5.333 4.267 346.667-345.6-90.667-89.6z",
          "M682.667 341.333l-256 256-106.667-106.667-90.667 89.6 192 192 5.333 4.267 346.667-345.6-90.667-89.6z"
        ],
        "attrs": [
          {
            "fill": "rgb(39, 174, 96)"
          },
          {
            "fill": "rgb(46, 204, 113)"
          },
          {
            "fill": "rgb(39, 174, 96)"
          },
          {
            "fill": "rgb(236, 240, 241)"
          }
        ],
        "isMulticolor": true,
        "isMulticolor2": false,
        "grid": 16,
        "tags": [
          "check-01"
        ],
        "colorPermutations": {
          "12318112362402411255255255139174961462041131": [
            {
              "f": 1
            },
            {
              "f": 2
            },
            {
              "f": 1
            },
            {
              "f": 3
            }
          ]
        }
      },
      "attrs": [
        {
          "fill": "rgb(39, 174, 96)"
        },
        {
          "fill": "rgb(46, 204, 113)"
        },
        {
          "fill": "rgb(39, 174, 96)"
        },
        {
          "fill": "rgb(236, 240, 241)"
        }
      ],
      "properties": {
        "order": 18,
        "id": 8,
        "name": "check-01",
        "prevSize": 16,
        "code": 59649,
        "codes": [
          59649,
          59650,
          59651,
          59652
        ]
      },
      "setIdx": 0,
      "setId": 2,
      "iconIdx": 1
    },
    {
      "icon": {
        "paths": [
          "M923.819 137.003c-12.501-12.587-32.853-12.587-45.269 0l-477.056 474.837c-12.501 12.672-32.896 12.672-45.312 0l-209.024-212.864c-6.187-6.315-14.293-9.429-22.443-9.472-8.235-0.043-16.597 3.072-22.869 9.472l-92.373 83.029c-6.144 6.315-9.472 14.208-9.472 22.443 0 8.277 3.328 16.939 9.515 23.211l210.773 221.184c12.459 12.629 32.896 33.109 45.312 45.653l90.624 91.349c12.459 12.501 32.811 12.501 45.312 0l612.949-611.84c12.501-12.544 12.501-33.152 0-45.696l-90.667-91.307z"
        ],
        "attrs": [
          {}
        ],
        "isMulticolor": false,
        "isMulticolor2": false,
        "grid": 16,
        "tags": [
          "check-02"
        ],
        "colorPermutations": {
          "12318112362402411255255255139174961462041131": [
            {}
          ]
        }
      },
      "attrs": [
        {}
      ],
      "properties": {
        "order": 19,
        "id": 7,
        "name": "check-02",
        "prevSize": 16,
        "code": 59653
      },
      "setIdx": 0,
      "setId": 2,
      "iconIdx": 2
    },
    {
      "icon": {
        "paths": [
          "M682.104 371.92l-246.224 246.216-93.448-93.464c-6.248-6.256-16.376-6.256-22.624-0.016-6.248 6.256-6.248 16.384 0 22.632l116.080 116.104 268.84-268.856c6.248-6.232 6.248-16.368 0-22.616-6.248-6.256-16.376-6.256-22.624-0zM512.256 110.968c-221.136 0-401.032 179.904-401.032 401.008 0.016 221.136 179.92 401.048 401.048 401.048h0.032c221.104 0 400.984-179.912 400.984-401.048 0-221.112-179.896-401.008-401.032-401.008zM512.304 881.024h-0.032c-203.48 0-369.032-165.552-369.048-369.048 0-203.472 165.544-369.008 369.032-369.008s369.032 165.544 369.032 369.008c0 203.496-165.52 369.048-368.984 369.048z"
        ],
        "attrs": [
          {}
        ],
        "isMulticolor": false,
        "isMulticolor2": false,
        "grid": 16,
        "tags": [
          "check-03"
        ],
        "colorPermutations": {
          "12318112362402411255255255139174961462041131": [
            {}
          ]
        }
      },
      "attrs": [
        {}
      ],
      "properties": {
        "order": 20,
        "id": 6,
        "name": "check-03",
        "prevSize": 16,
        "code": 59654
      },
      "setIdx": 0,
      "setId": 2,
      "iconIdx": 3
    },
    {
      "icon": {
        "paths": [
          "M960 896h-896c-9.6 0-22.4-6.4-28.8-16s-6.4-22.4 0-32l64-96c6.4-9.6 16-16 28.8-16h768c12.8 0 22.4 6.4 28.8 19.2l64 96c6.4 9.6 3.2 22.4 0 32-6.4 6.4-19.2 12.8-28.8 12.8z",
          "M864 160h-704c-19.2 0-32 12.8-32 32v448c0 19.2 12.8 32 32 32h704c19.2 0 32-12.8 32-32v-448c0-19.2-12.8-32-32-32zM374.4 489.6c12.8 12.8 12.8 32 0 44.8-6.4 6.4-12.8 9.6-22.4 9.6s-16-3.2-22.4-9.6l-96-96c-12.8-12.8-12.8-32 0-44.8l96-96c12.8-12.8 32-12.8 44.8 0s12.8 32 0 44.8l-73.6 73.6 73.6 73.6zM604.8 300.8l-128 256c-6.4 12.8-16 19.2-28.8 19.2-6.4 0-9.6 0-12.8-3.2-16-6.4-22.4-25.6-12.8-41.6l128-256c6.4-16 25.6-22.4 41.6-12.8 12.8 6.4 19.2 25.6 12.8 38.4zM790.4 438.4l-96 96c-6.4 6.4-12.8 9.6-22.4 9.6s-16-3.2-22.4-9.6c-12.8-12.8-12.8-32 0-44.8l73.6-73.6-73.6-73.6c-12.8-12.8-12.8-32 0-44.8s32-12.8 44.8 0l96 96c12.8 12.8 12.8 32 0 44.8z"
        ],
        "attrs": [
          {},
          {}
        ],
        "isMulticolor": false,
        "isMulticolor2": false,
        "grid": 32,
        "tags": [
          "computer"
        ],
        "colorPermutations": {
          "12318112362402411255255255139174961462041131": [
            {},
            {}
          ]
        }
      },
      "attrs": [
        {},
        {}
      ],
      "properties": {
        "order": 26,
        "id": 5,
        "name": "computer",
        "prevSize": 16,
        "code": 59662
      },
      "setIdx": 0,
      "setId": 2,
      "iconIdx": 4
    },
    {
      "icon": {
        "paths": [
          "M1024 960c0 35.328-28.672 64-64 64h-896c-35.328 0-64-28.672-64-64v-896c0-35.328 28.672-64 64-64h896c35.328 0 64 28.672 64 64v896z",
          "M224 352h128v448h-128v-448z",
          "M655.968 352c-89.312 0-104.672 32.576-111.968 64v-64h-128v448h128v-256c0-41.504 22.496-64 64-64 40.512 0 64 22.016 64 64v256h128v-224c0-128-16.672-224-144.032-224z",
          "M352 256c0 35.346-28.654 64-64 64s-64-28.654-64-64c0-35.346 28.654-64 64-64s64 28.654 64 64z"
        ],
        "attrs": [
          {
            "fill": "rgb(0, 123, 181)"
          },
          {
            "fill": "rgb(255, 255, 255)"
          },
          {
            "fill": "rgb(255, 255, 255)"
          },
          {
            "fill": "rgb(255, 255, 255)"
          }
        ],
        "isMulticolor": true,
        "isMulticolor2": false,
        "grid": 16,
        "tags": [
          "linkedin"
        ],
        "colorPermutations": {
          "12318112362402411255255255139174961462041131": [
            {
              "f": 0
            },
            {
              "f": 4
            },
            {
              "f": 4
            },
            {
              "f": 4
            }
          ]
        }
      },
      "attrs": [
        {
          "fill": "rgb(0, 123, 181)"
        },
        {
          "fill": "rgb(255, 255, 255)"
        },
        {
          "fill": "rgb(255, 255, 255)"
        },
        {
          "fill": "rgb(255, 255, 255)"
        }
      ],
      "properties": {
        "order": 21,
        "id": 4,
        "name": "linkedin",
        "prevSize": 16,
        "code": 59655,
        "codes": [
          59655,
          59656,
          59657,
          59658
        ]
      },
      "setIdx": 0,
      "setId": 2,
      "iconIdx": 5
    },
    {
      "icon": {
        "paths": [
          "M128 256v512h768v-512h-768zM512 535.8l-325.6-247.8h651.2l-325.6 247.8zM160 736v-427.8l230.2 175.2-136.2 154.6 4 4 157.8-139.2 96.2 73.2 96.2-73.2 157.8 139.2 4-4-136.2-154.8 230.2-175v427.8h-704z"
        ],
        "attrs": [
          {}
        ],
        "isMulticolor": false,
        "isMulticolor2": false,
        "grid": 16,
        "tags": [
          "mail"
        ],
        "colorPermutations": {
          "12318112362402411255255255139174961462041131": [
            {}
          ]
        }
      },
      "attrs": [
        {}
      ],
      "properties": {
        "order": 22,
        "id": 3,
        "name": "mail",
        "prevSize": 16,
        "code": 59659
      },
      "setIdx": 0,
      "setId": 2,
      "iconIdx": 6
    },
    {
      "icon": {
        "paths": [
          "M524.24 756c-0.003 0-0.007 0-0.011 0-5.381 0-10.431-1.417-14.798-3.898l0.148 0.078c-141.865-80.483-236.059-230.433-236.22-402.397l-0-0.023q0-5 0.12-10c1.6-75 29.62-138.22 81.040-182.8 45.3-39.32 105.58-60.96 169.72-60.96s124.4 21.64 169.76 60.94c51.42 44.58 79.44 107.8 81.040 182.8v0q0.12 5 0.12 10c-0.166 172.006-94.385 321.968-233.995 401.246l-2.285 1.194c-4.216 2.402-9.262 3.818-14.639 3.82l-0.001 0zM524.24 156c-49.7 0-96 16.42-130.42 46.26-38.26 33.18-59.14 81.16-60.36 138.76 0 2.9 0 5.82 0 8.74 0.137 143.648 75.687 269.62 189.188 340.475l1.692 0.985c115.188-71.842 190.731-197.815 190.86-341.441l0-0.019c0-2.92 0-5.84-0.1-8.74v0c-1.22-57.6-22.1-105.58-60.36-138.76-34.5-29.84-80.74-46.26-130.5-46.26z",
          "M524.86 494.8c-79.673 0-144.26-64.587-144.26-144.26s64.587-144.26 144.26-144.26c79.673 0 144.26 64.587 144.26 144.26v0c-0.091 79.636-64.624 144.169-144.251 144.26l-0.009 0zM524.86 266.3c-46.536-0-84.26 37.724-84.26 84.26s37.724 84.26 84.26 84.26c46.536 0 84.26-37.724 84.26-84.26 0-0.007-0-0.014-0-0.021l0 0.001c-0.057-46.509-37.75-84.195-84.256-84.24l-0.004-0z",
          "M524.24 900c-80.94 0-157.5-16.12-215.58-45.38-64.66-32.62-100.2-78.24-100.2-128.62 0-66.82 62.5-124.52 167.2-154.32 2.28-0.621 4.898-0.979 7.6-0.979 16.569 0 30 13.431 30 30 0 13.45-8.851 24.833-21.047 28.641l-0.213 0.057c-75.1 21.38-123.62 59.3-123.62 96.6 0 54 105.040 114 255.78 114s255.84-60 255.84-114c0-37.3-48.52-75.22-123.62-96.6-12.684-3.693-21.795-15.213-21.795-28.86 0-16.571 13.434-30.005 30.005-30.005 2.924 0 5.75 0.418 8.422 1.198l-0.212-0.053c104.7 29.8 167.2 87.5 167.2 154.32 0 50.38-35.58 96-100.2 128.62-58.080 29.26-134.64 45.38-215.56 45.38z"
        ],
        "attrs": [
          {},
          {},
          {}
        ],
        "isMulticolor": false,
        "isMulticolor2": false,
        "grid": 16,
        "tags": [
          "map"
        ],
        "colorPermutations": {
          "12318112362402411255255255139174961462041131": [
            {},
            {},
            {}
          ]
        }
      },
      "attrs": [
        {},
        {},
        {}
      ],
      "properties": {
        "order": 23,
        "id": 2,
        "name": "map",
        "prevSize": 16,
        "code": 59660
      },
      "setIdx": 0,
      "setId": 2,
      "iconIdx": 7
    },
    {
      "icon": {
        "paths": [
          "M0 367.329l497.307-244.132 508.609 241.872-506.349 275.779z",
          "M977.66 367.329c8.115 0 14.693 6.578 14.693 14.693v171.797c0 8.115-6.578 14.693-14.693 14.693s-14.693-6.578-14.693-14.693v-171.797c0-8.115 6.578-14.693 14.693-14.693z",
          "M1022.87 604.115c0 24.657-19.988 44.645-44.645 44.645s-44.645-19.988-44.645-44.645c0-24.657 19.988-44.645 44.645-44.645s44.645 19.988 44.645 44.645z",
          "M951.664 686.057c7.462 5.645 16.897 9.042 27.126 9.042s19.664-3.397 27.24-9.124l-0.114 0.082q2.26 107.396 4.521 214.746h-67.815q4.521-107.373 9.042-214.746z",
          "M221.528 543.647l272.637 149.305 276.661-149.305v158.234c-12.387 15.303-109.068 130.588-273.519 131.108-165.807 0.52-263.573-116.031-275.779-131.108z"
        ],
        "attrs": [
          {},
          {},
          {},
          {},
          {}
        ],
        "isMulticolor": false,
        "isMulticolor2": false,
        "grid": 32,
        "tags": [
          "student"
        ],
        "colorPermutations": {
          "12318112362402411255255255139174961462041131": [
            {},
            {},
            {},
            {},
            {}
          ]
        }
      },
      "attrs": [
        {},
        {},
        {},
        {},
        {}
      ],
      "properties": {
        "order": 24,
        "id": 1,
        "name": "student",
        "prevSize": 16,
        "code": 59663
      },
      "setIdx": 0,
      "setId": 2,
      "iconIdx": 8
    },
    {
      "icon": {
        "paths": [
          "M837.728 193.515c-84.011-84.107-195.731-130.445-314.763-130.494-245.258 0-444.872 199.598-444.968 444.931-0.034 78.426 20.455 154.974 59.396 222.452l-63.127 230.577 235.883-61.876c64.991 35.449 138.167 54.134 212.639 54.159h0.181c0.014 0-0.011 0 0.004 0 245.232 0 444.859-199.618 444.962-444.957 0.043-118.896-46.198-230.69-130.207-314.793zM522.967 878.117h-0.15c-66.361-0.025-131.451-17.856-188.235-51.551l-13.503-8.014-139.977 36.717 37.363-136.474-8.794-13.995c-37.020-58.883-56.573-126.941-56.544-196.822 0.079-203.911 165.992-369.805 369.99-369.805 98.782 0.031 191.642 38.552 261.468 108.458 69.825 69.906 108.258 162.827 108.218 261.647-0.083 203.928-165.99 369.84-369.836 369.84z",
          "M725.831 601.128c-11.117-5.565-65.781-32.458-75.971-36.171-10.191-3.71-17.603-5.565-25.014 5.565-7.411 11.128-28.719 36.173-35.205 43.595-6.484 7.416-12.972 8.35-24.088 2.78-11.117-5.565-46.942-17.304-89.408-55.182-33.054-29.483-55.366-65.889-61.854-77.023-6.484-11.128-0.69-17.145 4.877-22.69 5.001-4.983 11.119-12.985 16.679-19.478 5.558-6.49 7.411-11.132 11.117-18.546 3.706-7.422 1.855-13.915-0.927-19.478-2.78-5.565-25.014-60.29-34.278-82.555-9.027-21.676-18.192-18.74-25.018-19.085-6.475-0.323-13.897-0.39-21.308-0.39s-19.458 2.783-29.647 13.912c-10.191 11.132-38.915 38.032-38.915 92.751 0 54.727 39.84 107.595 45.399 115.013 5.558 7.424 78.399 119.72 189.929 167.879 26.526 11.457 47.236 18.297 63.382 23.419 26.635 8.464 50.872 7.268 70.029 4.405 21.362-3.192 65.781-26.895 75.045-52.863 9.266-25.973 9.266-48.237 6.484-52.872-2.778-4.637-10.191-7.42-21.308-12.987z"
        ],
        "attrs": [
          {},
          {}
        ],
        "isMulticolor": false,
        "isMulticolor2": false,
        "grid": 16,
        "tags": [
          "whatsapp"
        ],
        "colorPermutations": {
          "12318112362402411255255255139174961462041131": [
            {},
            {}
          ]
        }
      },
      "attrs": [
        {},
        {}
      ],
      "properties": {
        "order": 25,
        "id": 0,
        "name": "whatsapp",
        "prevSize": 16,
        "code": 59661
      },
      "setIdx": 0,
      "setId": 2,
      "iconIdx": 9
    }
  ],
  "height": 1024,
  "preferences": {
    "showGlyphs": true,
    "showQuickUse": true,
    "showQuickUse2": true,
    "showSVGs": true,
    "fontPref": {
      "prefix": "icon-",
      "metadata": {
        "fontFamily": "icomoon"
      },
      "metrics": {
        "emSize": 1024,
        "baseline": 6.25,
        "whitespace": 50
      },
      "embed": false
    },
    "imagePref": {
      "prefix": "icon-",
      "png": true,
      "useClassSelector": true,
      "color": 0,
      "bgColor": 16777215,
      "classSelector": ".icon",
      "name": "icomoon"
    },
    "historySize": 50,
    "showCodes": true,
    "gridSize": 16
  }
}